{
    "all_results": [
        {
            "coreVoltage": 1150,
            "frequency": 450,
            "averageHashRate": 639.4029004179567,
            "averageTemperature": 46.9,
            "efficiencyJTH": 17.730604495947027,
            "powerAvg": 11.336999940872193,
            "tempStd": 0.3077935056255462,
            "vcoreStray": 0.9500000000000455,
            "vcoreStd": 15.181273089947988,
            "powerStd": 0.12670319022552476,
            "control_temp": 50,
            "control_hashrate": 500,
            "target": "hashrate_efficiancy",
            "BenchmarkingTime": 18000,
            "Sample_interval": 5,
            "SampleTime": 100
        },
        {
            "coreVoltage": 1187,
            "frequency": 500,
            "averageHashRate": 575.616930204381,
            "averageTemperature": 52.15,
            "efficiencyJTH": 23.329751513273646,
            "powerAvg": 13.428999948501588,
            "tempStd": 0.36634754853252327,
            "vcoreStray": 0.650000000000091,
            "vcoreStd": 12.982883468547914,
            "powerStd": 0.1133647884719246,
            "control_temp": 50,
            "control_hashrate": 500,
            "target": "hashrate_efficiancy",
            "BenchmarkingTime": 18000,
            "Sample_interval": 5,
            "SampleTime": 100
        },
        {
            "coreVoltage": 1224,
            "frequency": 550,
            "averageHashRate": 596.944720971523,
            "averageTemperature": 57.85,
            "efficiencyJTH": 26.349173455435665,
            "powerAvg": 15.728999996185303,
            "tempStd": 0.36634754853252327,
            "vcoreStray": 10.849999999999909,
            "vcoreStd": 16.07965370142948,
            "powerStd": 0.13798940172992588,
            "control_temp": 50,
            "control_hashrate": 500,
            "target": "hashrate_efficiancy",
            "BenchmarkingTime": 18000,
            "Sample_interval": 5,
            "SampleTime": 100
        },
        {
            "coreVoltage": 1261,
            "frequency": 600,
            "averageHashRate": 618.2019811442866,
            "averageTemperature": 63.2,
            "efficiencyJTH": 30.025785658164125,
            "powerAvg": 18.56200017929077,
            "tempStd": 0.41039134083406165,
            "vcoreStray": 13.650000000000091,
            "vcoreStd": 17.640488715034603,
            "powerStd": 0.1329660078789027,
            "control_temp": 50,
            "control_hashrate": 500,
            "target": "hashrate_efficiancy",
            "BenchmarkingTime": 18000,
            "Sample_interval": 5,
            "SampleTime": 100
        },
        {
            "coreVoltage": 1151.11,
            "frequency": 451.5,
            "averageHashRate": 629.697443798609,
            "averageTemperature": 48,
            "efficiencyJTH": 18.06105466399347,
            "powerAvg": 11.372999954223634,
            "tempStd": 0.0,
            "vcoreStray": 2.7000000000000455,
            "vcoreStd": 16.09216873938507,
            "powerStd": 0.12957842073851586,
            "control_temp": 50,
            "control_hashrate": 500,
            "target": "hashrate_efficiancy",
            "BenchmarkingTime": 18000,
            "Sample_interval": 5,
            "SampleTime": 100
        },
        {
            "coreVoltage": 1203.4634425320853,
            "frequency": 508.2160465250549,
            "averageHashRate": 649.3748744679492,
            "averageTemperature": 52.75,
            "efficiencyJTH": 21.267376661141057,
            "powerAvg": 13.810500049591065,
            "tempStd": 0.4442616583193193,
            "vcoreStray": 12.549999999999955,
            "vcoreStd": 17.288496327418354,
            "powerStd": 0.1333169790565348,
            "control_temp": 50,
            "control_hashrate": 500,
            "target": "hashrate_efficiancy",
            "BenchmarkingTime": 18000,
            "Sample_interval": 5,
            "SampleTime": 100
        },
        {
            "coreVoltage": 1222.89,
            "frequency": 548.5,
            "averageHashRate": 597.829574310978,
            "averageTemperature": 55.5,
            "efficiencyJTH": 25.721376907591733,
            "powerAvg": 15.376999807357787,
            "tempStd": 0.512989176042577,
            "vcoreStray": 8.650000000000091,
            "vcoreStd": 19.45649668254526,
            "powerStd": 0.10940507749583082,
            "control_temp": 50,
            "control_hashrate": 500,
            "target": "hashrate_efficiancy",
            "BenchmarkingTime": 18000,
            "Sample_interval": 5,
            "SampleTime": 100
        },
        {
            "coreVoltage": 1258.78,
            "frequency": 597.0,
            "averageHashRate": 603.72302166663,
            "averageTemperature": 60.85,
            "efficiencyJTH": 29.780212382522443,
            "powerAvg": 17.97899980545044,
            "tempStd": 0.36634754853252327,
            "vcoreStray": 1.25,
            "vcoreStd": 26.12495278263172,
            "powerStd": 0.1348254362598626,
            "control_temp": 50,
            "control_hashrate": 500,
            "target": "hashrate_efficiancy",
            "BenchmarkingTime": 18000,
            "Sample_interval": 5,
            "SampleTime": 100
        },
        {
            "coreVoltage": 1957.9636999999998,
            "frequency": 769.0049999999999,
            "averageHashRate": 1,
            "averageTemperature": 38,
            "efficiencyJTH": 1,
            "powerAvg": 1,
            "tempStd": 1,
            "vcoreStray": 1,
            "vcoreStd": 1,
            "powerStd": 1,
            "control_temp": 50,
            "control_hashrate": 500,
            "target": "hashrate_efficiancy",
            "BenchmarkingTime": 18000,
            "Sample_interval": 5,
            "SampleTime": 100
        }
    ],
    "top_performers": [
        {
            "rank": 1,
            "coreVoltage": 1203.4634425320853,
            "frequency": 508.2160465250549,
            "averageHashRate": 649.3748744679492,
            "averageTemperature": 52.75,
            "efficiencyJTH": 21.267376661141057,
            "powerAvg": 13.810500049591065,
            "vcoreStray": 12.549999999999955
        },
        {
            "rank": 2,
            "coreVoltage": 1150,
            "frequency": 450,
            "averageHashRate": 639.4029004179567,
            "averageTemperature": 46.9,
            "efficiencyJTH": 17.730604495947027,
            "powerAvg": 11.336999940872193,
            "vcoreStray": 0.9500000000000455
        },
        {
            "rank": 3,
            "coreVoltage": 1151.11,
            "frequency": 451.5,
            "averageHashRate": 629.697443798609,
            "averageTemperature": 48,
            "efficiencyJTH": 18.06105466399347,
            "powerAvg": 11.372999954223634,
            "vcoreStray": 2.7000000000000455
        },
        {
            "rank": 4,
            "coreVoltage": 1261,
            "frequency": 600,
            "averageHashRate": 618.2019811442866,
            "averageTemperature": 63.2,
            "efficiencyJTH": 30.025785658164125,
            "powerAvg": 18.56200017929077,
            "vcoreStray": 13.650000000000091
        },
        {
            "rank": 5,
            "coreVoltage": 1258.78,
            "frequency": 597.0,
            "averageHashRate": 603.72302166663,
            "averageTemperature": 60.85,
            "efficiencyJTH": 29.780212382522443,
            "powerAvg": 17.97899980545044,
            "vcoreStray": 1.25
        }
    ]
}